<?xml version="1.0" encoding="UTF-8"?>
<uptime xmlns:xsi="http://www.w3.org/2001/XMLSchema-instance" version="4.0" target_grouping="other">
	<class>JBoss Performance</class>
	<exec>com.uptimesoftware.uptime.erdc.MonitorCustomScriptRunner</exec>
	<erdc_version>2.0</erdc_version>
	<category>Applications - Web Services</category>
	<category_related>Applications - General</category_related>
	<grid_info>
		<supported_versions>7.3,7.4,7.5,7.6</supported_versions>
		<supported_platforms>windows, linux</supported_platforms>
		<upgrade_in_place>true</upgrade_in_place>
		<requires_agent_scripts>false</requires_agent_scripts>
	</grid_info>	
	<elements>
		<element name="process_windows" parameter_type="input" data_type="string" gui_basic="1" range_type="0" hidden="true">
			<control_options> size:40 </control_options>
			<default_value>plugins/scripts/monitor-jboss/monitor-jboss.bat</default_value>
			<short_description>Script Name</short_description>
			<long_description>Name of the script/binary/process to be executed by up.time </long_description>
			<validation_rule>
				<alphanumeric/>
			</validation_rule>
			<error_message>
				<alphanumeric>required field</alphanumeric>
			</error_message>
			<gui_type>
				<string/>
			</gui_type>
		</element>
		<element name="process_linux" parameter_type="input" data_type="string" gui_basic="1" range_type="0" hidden="true">
			<control_options> size:40 </control_options>
			<default_value>plugins/scripts/monitor-jboss/monitor-jboss.sh</default_value>
			<short_description>Script Name</short_description>
			<long_description>Name of the script/binary/process to be executed by up.time </long_description>
			<validation_rule>
				<alphanumeric/>
			</validation_rule>
			<error_message>
				<alphanumeric>required field</alphanumeric>
			</error_message>
			<gui_type>
				<string/>
			</gui_type>
		</element>
		<element name="virtual_host" parameter_type="input" data_type="string" gui_basic="0" range_type="0">
				<control_options>size:40</control_options>
				<default_value/>
				<short_description>Virtual_Host</short_description>
				<long_description>JBoss Instance Virtual Hostname or IP address</long_description>
				<validation_rule/>
				<error_message/>
				<gui_type>
						<string/>
				</gui_type>
		</element>
		<element name="port" parameter_type="input" data_type="integer" gui_basic="1" range_type="0">
				<control_options>size:5</control_options>
				<default_value>8080</default_value>
				<short_description>Port</short_description>
				<long_description>The port that the JBoss server is listening on</long_description>
				<validation_rule>
						<integer/>
				</validation_rule>
				<error_message>
						<integer>The port must be an integer value</integer>
				</error_message>
				<gui_type>
						<integer/>
				</gui_type>
		</element>
		<element name="uri" parameter_type="input" data_type="string" gui_basic="1" range_type="0">
				<control_options>size:40</control_options>
				<default_value>/status?full=true</default_value>
				<short_description>URI</short_description>
				<long_description>A string to send to the JBoss server (e.g. /status?full=true)</long_description>
				<validation_rule/>
				<error_message/>
				<gui_type>
						<string/>
				</gui_type>
		</element>
		<group name="g_freeMemory" switch="0">
			<short_description>freeMemory</short_description>
			<long_description>Array</long_description>
			<element name='freeMemory' parameter_type='output' data_type='decimal' gui_basic='1' range_type='0' units='MB'>
				<control_options>size:8</control_options>
				<default_value></default_value>
				<short_description>Free Memory</short_description>
				<long_description>Free Memory</long_description>
				<validation_rule/>
				<error_message/>
				<gui_type>
					<integer/>
				</gui_type>
			</element>
		</group>
		<group name="g_totalMemory" switch="0">
			<short_description>totalMemory</short_description>
			<long_description>Array</long_description>
			<element name='totalMemory' parameter_type='output' data_type='decimal' gui_basic='1' range_type='0' units='MB'>
				<control_options>size:8</control_options>
				<default_value></default_value>
				<short_description>Total Memory</short_description>
				<long_description>Total Memory</long_description>
				<validation_rule/>
				<error_message/>
				<gui_type>
					<integer/>
				</gui_type>
			</element>
		</group>
		<group name="g_maxMemory" switch="0">
			<short_description>maxMemory</short_description>
			<long_description>Array</long_description>
			<element name='maxMemory' parameter_type='output' data_type='decimal' gui_basic='1' range_type='0' units='MB'>
				<control_options>size:8</control_options>
				<default_value></default_value>
				<short_description>Max Memory</short_description>
				<long_description>Max Memory</long_description>
				<validation_rule/>
				<error_message/>
				<gui_type>
					<integer/>
				</gui_type>
			</element>
		</group>	
		<group name="g_maxThreads" switch="0">
			<short_description>maxThreads</short_description>
			<long_description>Array</long_description>
			<element name='maxThreads' parameter_type='output' data_type='integer' gui_basic='1' range_type='0' units='nbr'>
				<control_options>size:8</control_options>
				<default_value></default_value>
				<short_description>Max Threads</short_description>
				<long_description>Max Threads</long_description>
				<validation_rule/>
				<error_message/>
				<gui_type>
					<integer/>
				</gui_type>
			</element>
		</group>	
		<group name="g_currentThreadCount" switch="0">
			<short_description>currentThreadCount</short_description>
			<long_description>Array</long_description>
			<element name='currentThreadCount' parameter_type='output' data_type='integer' gui_basic='1' range_type='0' units='nbr'>
				<control_options>size:8</control_options>
				<default_value></default_value>
				<short_description>Current Thread Count</short_description>
				<long_description>Current Thread Count</long_description>
				<validation_rule/>
				<error_message/>
				<gui_type>
					<integer/>
				</gui_type>
			</element>
		</group>
		<group name="g_currentThreadBusy" switch="0">
			<short_description>currentThreadBusy</short_description>
			<long_description>Array</long_description>
			<element name='currentThreadBusy' parameter_type='output' data_type='integer' gui_basic='1' range_type='0' units='nbr'>
				<control_options>size:8</control_options>
				<default_value></default_value>
				<short_description>Current Thread Busy</short_description>
				<long_description>Current Thread Busy</long_description>
				<validation_rule/>
				<error_message/>
				<gui_type>
					<integer/>
				</gui_type>
			</element>
		</group>		
		<group name="g_maxProcessingTime" switch="0">
			<short_description>maxProcessingTime</short_description>
			<long_description>Array</long_description>
			<element name='maxProcessingTime' parameter_type='output' data_type='integer' gui_basic='1' range_type='0' units='ms'>
				<control_options>size:8</control_options>
				<default_value></default_value>
				<short_description>Max Processing Time</short_description>
				<long_description>Max Processing Time</long_description>
				<validation_rule/>
				<error_message/>
				<gui_type>
					<integer/>
				</gui_type>
			</element>
		</group>		
		<group name="g_processingTime" switch="0">
			<short_description>processingTime</short_description>
			<long_description>Array</long_description>
			<element name='processingTime' parameter_type='output' data_type='decimal' gui_basic='1' range_type='0' units='ms'>
				<control_options>size:8</control_options>
				<default_value></default_value>
				<short_description>Processing Time</short_description>
				<long_description>Processing Time</long_description>
				<validation_rule/>
				<error_message/>
				<gui_type>
					<integer/>
				</gui_type>
			</element>
		</group>		
		<group name="g_requestCount" switch="0">
			<short_description>requestCount</short_description>
			<long_description>Array</long_description>
			<element name='requestCount' parameter_type='output' data_type='integer' gui_basic='1' range_type='0' units='nbr'>
				<control_options>size:8</control_options>
				<default_value></default_value>
				<short_description>Request Count</short_description>
				<long_description>Request Count</long_description>
				<validation_rule/>
				<error_message/>
				<gui_type>
					<integer/>
				</gui_type>
			</element>
		</group>		
		<group name="g_errorCount" switch="0">
			<short_description>errorCount</short_description>
			<long_description>Array</long_description>
			<element name='errorCount' parameter_type='output' data_type='integer' gui_basic='1' range_type='0' units='nbr'>
				<control_options>size:8</control_options>
				<default_value></default_value>
				<short_description>Error Count</short_description>
				<long_description>Error Count</long_description>
				<validation_rule/>
				<error_message/>
				<gui_type>
					<integer/>
				</gui_type>
			</element>
		</group>	
		<group name="g_bytesReceived" switch="0">
			<short_description>bytesReceived</short_description>
			<long_description>Array</long_description>
			<element name='bytesReceived' parameter_type='output' data_type='decimal' gui_basic='1' range_type='0' units='MB'>
				<control_options>size:8</control_options>
				<default_value></default_value>
				<short_description>Bytes Received</short_description>
				<long_description>Bytes Received</long_description>
				<validation_rule/>
				<error_message/>
				<gui_type>
					<integer/>
				</gui_type>
			</element>
		</group>
		<group name="g_bytesSent" switch="0">
			<short_description>bytesSent</short_description>
			<long_description>Array</long_description>
			<element name='bytesSent' parameter_type='output' data_type='decimal' gui_basic='1' range_type='0' units='MB'>
				<control_options>size:8</control_options>
				<default_value></default_value>
				<short_description>Bytes Sent</short_description>
				<long_description>Bytes Sent</long_description>
				<validation_rule/>
				<error_message/>
				<gui_type>
					<integer/>
				</gui_type>
			</element>
		</group>
		<group name="timerresult" switch="0">
			<short_description/>
			<long_description/>
			<element name="timer" parameter_type="output" data_type="integer" gui_basic="0" range_type="0" units="ms">
				<control_options>size:8</control_options>
				<default_value/>
				<short_description>Response time</short_description>
				<long_description>Response time in ms</long_description>
				<validation_rule/>
				<error_message/>
				<gui_type>
					<integer/>
				</gui_type>
			</element>
		</group>	
	</elements>
	<help>Monitor JBoss AS 5 and 6 performance metrics.</help>
</uptime>
